votes,rating,reviews
21,4,One-click export to Notion is a feature I use every week. Being able to rewatch sessions at 1.5x speed has saved me hours.
38,5,My whole team can comment on the same session without chaos. Recording quality is excellent even on slow connections.
5,5,Works offline and syncs when I get back to WiFi — essential for fieldwork.
14,5,The guest access feature is perfect for external stakeholders. The session recording is crisp and easy to scrub through.
23,5,Project folders keep multi-phase studies manageable. PDF reports look professional enough to share with executives.
34,5,I was running my first study within 20 minutes of signing up.
2,4,The guest access feature is perfect for external stakeholders. CSV export includes everything I need for further analysis.
34,4,Screener templates saved me from writing survey questions from scratch. I can tag clips without leaving the playback view.
5,4,Battery drain is reasonable even during long observation sessions. Searching by tag across projects actually works reliably.
46,4,One-click export to Notion is a feature I use every week. I was running my first study within 20 minutes of signing up.
0,5,The timeline view across a research program is genuinely useful. The highlight reel feature is genuinely useful for presentations.
40,5,Custom fields on participants let me filter by screener criteria.
33,5,Bulk-tagging across sessions is a huge time saver.
15,4,The session recording is crisp and easy to scrub through.
8,5,Automatic session indexing makes it easy to find key moments.
27,5,Bulk-tagging across sessions is a huge time saver.
42,5,The onboarding checklist is paced well — not overwhelming.
37,5,CSV export includes everything I need for further analysis. Recording quality is excellent even on slow connections.
34,5,Session recordings sync instantly — no waiting around. Smart folders auto-populate based on tags — surprisingly powerful.
6,5,Tag hierarchies let me keep themes organized across a whole study.
43,4,Video clips export cleanly with timecodes intact.
6,4,Project folders keep multi-phase studies manageable.
25,5,Being able to rewatch sessions at 1.5x speed has saved me hours. Battery drain is reasonable even during long observation sessions.
18,4,PDF reports look professional enough to share with executives.
47,5,The highlight reel feature is genuinely useful for presentations. The tagging workflow is intuitive once you get used to it.
16,4,Permissions are granular enough that clients can view but not edit. The timeline view across a research program is genuinely useful.
4,4,Project folders keep multi-phase studies manageable. The voice memo feature captures context I'd otherwise lose.
33,4,GPS tagging for field observations is exactly what I needed.
16,4,I was running my first study within 20 minutes of signing up.
43,5,Bulk-tagging across sessions is a huge time saver. Permissions are granular enough that clients can view but not edit.
0,4,My whole team can comment on the same session without chaos. GPS tagging for field observations is exactly what I needed.
45,5,Sharing clips with stakeholders takes about 30 seconds.
43,4,Project folders keep multi-phase studies manageable.
15,4,Battery drain is reasonable even during long observation sessions.
26,5,Being able to rewatch sessions at 1.5x speed has saved me hours.
43,5,Permissions are granular enough that clients can view but not edit.
11,4,The session recording is crisp and easy to scrub through.
20,5,The onboarding checklist is paced well — not overwhelming. Recording quality is excellent even on slow connections.
44,5,The guest access feature is perfect for external stakeholders. GPS tagging for field observations is exactly what I needed.
19,5,Real-time co-editing on affinity diagrams is surprisingly smooth.
43,5,GPS tagging for field observations is exactly what I needed.
32,5,Custom fields on participants let me filter by screener criteria.
12,4,Custom fields on participants let me filter by screener criteria.
11,5,The session recording is crisp and easy to scrub through.
29,4,The mobile app doesn't crash when I switch between apps mid-session.
27,5,The voice memo feature captures context I'd otherwise lose. One-click export to Notion is a feature I use every week.
40,4,Tag hierarchies let me keep themes organized across a whole study.
15,4,Bulk-tagging across sessions is a huge time saver.
4,5,Being able to rewatch sessions at 1.5x speed has saved me hours. The mobile app doesn't crash when I switch between apps mid-session.
44,4,CSV export includes everything I need for further analysis. Battery drain is reasonable even during long observation sessions.
47,4,Recording quality is excellent even on slow connections. Battery drain is reasonable even during long observation sessions.
21,5,The highlight reel feature is genuinely useful for presentations. Works offline and syncs when I get back to WiFi — essential for fieldwork.
34,5,Smart folders auto-populate based on tags — surprisingly powerful.
11,5,I was running my first study within 20 minutes of signing up. The highlight reel feature is genuinely useful for presentations.
16,4,PDF reports look professional enough to share with executives. GPS tagging for field observations is exactly what I needed.
9,5,I can tag clips without leaving the playback view.
23,5,The mobile app doesn't crash when I switch between apps mid-session.
19,5,I was running my first study within 20 minutes of signing up.
37,5,Battery drain is reasonable even during long observation sessions. Custom fields on participants let me filter by screener criteria.
26,5,Session recordings sync instantly — no waiting around.
11,4,Real-time co-editing on affinity diagrams is surprisingly smooth.
17,5,Battery drain is reasonable even during long observation sessions.
29,5,Recording quality is excellent even on slow connections.
21,4,PDF reports look professional enough to share with executives. Bulk-tagging across sessions is a huge time saver.
46,5,The guest access feature is perfect for external stakeholders. The tagging workflow is intuitive once you get used to it.
28,5,Screener templates saved me from writing survey questions from scratch.
35,4,The highlight reel feature is genuinely useful for presentations. Template library covers most of my research formats out of the box.
16,5,GPS tagging for field observations is exactly what I needed. PDF reports look professional enough to share with executives.
12,4,The help docs are actually written by people who do research.
12,4,The voice memo feature captures context I'd otherwise lose.
6,4,The onboarding checklist is paced well — not overwhelming.
7,4,Video clips export cleanly with timecodes intact. Recording quality is excellent even on slow connections.
15,4,Works offline and syncs when I get back to WiFi — essential for fieldwork. Template library covers most of my research formats out of the box.
28,5,Being able to link observations to specific interview questions is great. Battery drain is reasonable even during long observation sessions.
47,5,The guest access feature is perfect for external stakeholders.
10,5,My whole team can comment on the same session without chaos. Searching by tag across projects actually works reliably.
4,5,PDF reports look professional enough to share with executives. Permissions are granular enough that clients can view but not edit.
27,5,The help docs are actually written by people who do research.
47,5,Sharing clips with stakeholders takes about 30 seconds. Bulk-tagging across sessions is a huge time saver.
32,4,PDF reports look professional enough to share with executives.
43,5,Being able to link observations to specific interview questions is great.
22,4,Smart folders auto-populate based on tags — surprisingly powerful.
42,5,Custom fields on participants let me filter by screener criteria. Screener templates saved me from writing survey questions from scratch.
31,4,Being able to rewatch sessions at 1.5x speed has saved me hours.
15,4,Real-time co-editing on affinity diagrams is surprisingly smooth.
4,4,The voice memo feature captures context I'd otherwise lose.
37,4,Being able to link observations to specific interview questions is great. Recording quality is excellent even on slow connections.
35,5,One-click export to Notion is a feature I use every week.
36,4,Sharing clips with stakeholders takes about 30 seconds.
6,5,Searching by tag across projects actually works reliably.
41,4,Permissions are granular enough that clients can view but not edit.
2,5,Being able to link observations to specific interview questions is great. Real-time co-editing on affinity diagrams is surprisingly smooth.
6,5,Sharing clips with stakeholders takes about 30 seconds.
20,4,Template library covers most of my research formats out of the box.
11,4,The highlight reel feature is genuinely useful for presentations. The voice memo feature captures context I'd otherwise lose.
37,5,One-click export to Notion is a feature I use every week.
18,5,PDF reports look professional enough to share with executives.
44,5,Being able to rewatch sessions at 1.5x speed has saved me hours. One-click export to Notion is a feature I use every week.
18,4,Works offline and syncs when I get back to WiFi — essential for fieldwork.
16,5,Sharing clips with stakeholders takes about 30 seconds.
23,5,I was running my first study within 20 minutes of signing up. CSV export includes everything I need for further analysis.
33,5,Real-time co-editing on affinity diagrams is surprisingly smooth. Searching by tag across projects actually works reliably.
47,5,Real-time co-editing on affinity diagrams is surprisingly smooth.
43,4,Being able to rewatch sessions at 1.5x speed has saved me hours.
34,5,Being able to link observations to specific interview questions is great. CSV export includes everything I need for further analysis.
23,5,Template library covers most of my research formats out of the box.
4,4,The voice memo feature captures context I'd otherwise lose. The onboarding checklist is paced well — not overwhelming.
31,5,Real-time co-editing on affinity diagrams is surprisingly smooth. The session recording is crisp and easy to scrub through.
47,5,Tag hierarchies let me keep themes organized across a whole study.
6,4,The onboarding checklist is paced well — not overwhelming.
28,4,My whole team can comment on the same session without chaos.
22,5,Recording quality is excellent even on slow connections.
4,5,Recording quality is excellent even on slow connections. The guest access feature is perfect for external stakeholders.
28,5,Works offline and syncs when I get back to WiFi — essential for fieldwork.
33,5,One-click export to Notion is a feature I use every week. I was running my first study within 20 minutes of signing up.
18,4,Real-time co-editing on affinity diagrams is surprisingly smooth.
35,4,Project folders keep multi-phase studies manageable.
46,4,Tag hierarchies let me keep themes organized across a whole study. Battery drain is reasonable even during long observation sessions.
4,4,Permissions are granular enough that clients can view but not edit.
27,4,I was running my first study within 20 minutes of signing up.
9,5,GPS tagging for field observations is exactly what I needed. The help docs are actually written by people who do research.
27,5,The guest access feature is perfect for external stakeholders. One-click export to Notion is a feature I use every week.
11,5,The help docs are actually written by people who do research. The timeline view across a research program is genuinely useful.
25,5,My whole team can comment on the same session without chaos. Searching by tag across projects actually works reliably.
9,5,Being able to link observations to specific interview questions is great.
43,4,Being able to link observations to specific interview questions is great. CSV export includes everything I need for further analysis.
13,4,My whole team can comment on the same session without chaos. I was running my first study within 20 minutes of signing up.
47,5,The timeline view across a research program is genuinely useful. The session recording is crisp and easy to scrub through.
22,4,The onboarding checklist is paced well — not overwhelming.
27,4,CSV export includes everything I need for further analysis.
39,4,CSV export includes everything I need for further analysis.
32,5,Bulk-tagging across sessions is a huge time saver.
6,4,The timeline view across a research program is genuinely useful. The onboarding checklist is paced well — not overwhelming.
41,4,The voice memo feature captures context I'd otherwise lose.
40,4,Template library covers most of my research formats out of the box. Automatic session indexing makes it easy to find key moments.
3,5,The guest access feature is perfect for external stakeholders. Battery drain is reasonable even during long observation sessions.
38,4,Being able to link observations to specific interview questions is great.
45,5,CSV export includes everything I need for further analysis.
40,4,The timeline view across a research program is genuinely useful.
21,4,Battery drain is reasonable even during long observation sessions. Being able to link observations to specific interview questions is great.
35,5,Real-time co-editing on affinity diagrams is surprisingly smooth. Project folders keep multi-phase studies manageable.
23,5,The help docs are actually written by people who do research. Smart folders auto-populate based on tags — surprisingly powerful.
39,5,Tag hierarchies let me keep themes organized across a whole study. The highlight reel feature is genuinely useful for presentations.
24,4,Battery drain is reasonable even during long observation sessions.
16,5,Custom fields on participants let me filter by screener criteria.
7,5,Works offline and syncs when I get back to WiFi — essential for fieldwork.
14,4,The mobile app doesn't crash when I switch between apps mid-session.
5,5,CSV export includes everything I need for further analysis. Sharing clips with stakeholders takes about 30 seconds.
2,4,Recording quality is excellent even on slow connections.
5,5,Tag hierarchies let me keep themes organized across a whole study.
18,5,The voice memo feature captures context I'd otherwise lose.
27,5,The mobile app doesn't crash when I switch between apps mid-session.
35,5,Session recordings sync instantly — no waiting around.
41,5,Template library covers most of my research formats out of the box. The guest access feature is perfect for external stakeholders.
45,5,The highlight reel feature is genuinely useful for presentations.
41,4,Being able to link observations to specific interview questions is great.
47,5,Recording quality is excellent even on slow connections. Video clips export cleanly with timecodes intact.
33,4,Tag hierarchies let me keep themes organized across a whole study.
34,5,Automatic session indexing makes it easy to find key moments.
17,4,Template library covers most of my research formats out of the box.
23,5,Screener templates saved me from writing survey questions from scratch. Being able to rewatch sessions at 1.5x speed has saved me hours.
39,4,Works offline and syncs when I get back to WiFi — essential for fieldwork. Real-time co-editing on affinity diagrams is surprisingly smooth.
35,5,The timeline view across a research program is genuinely useful.
14,5,The onboarding checklist is paced well — not overwhelming.
29,5,Tag hierarchies let me keep themes organized across a whole study. The help docs are actually written by people who do research.
7,5,I can tag clips without leaving the playback view.
8,5,Project folders keep multi-phase studies manageable. The help docs are actually written by people who do research.
9,4,The mobile app doesn't crash when I switch between apps mid-session.
2,5,GPS tagging for field observations is exactly what I needed.
43,4,The help docs are actually written by people who do research. Real-time co-editing on affinity diagrams is surprisingly smooth.
3,4,CSV export includes everything I need for further analysis. I can tag clips without leaving the playback view.
20,5,The highlight reel feature is genuinely useful for presentations.
13,4,Automatic session indexing makes it easy to find key moments.
24,5,Bulk-tagging across sessions is a huge time saver.
21,4,The voice memo feature captures context I'd otherwise lose. Automatic session indexing makes it easy to find key moments.
2,5,Searching by tag across projects actually works reliably.
38,5,Smart folders auto-populate based on tags — surprisingly powerful.
21,4,GPS tagging for field observations is exactly what I needed. Template library covers most of my research formats out of the box.
43,4,The help docs are actually written by people who do research. Recording quality is excellent even on slow connections.
41,5,Project folders keep multi-phase studies manageable.
33,5,I was running my first study within 20 minutes of signing up.
2,5,The highlight reel feature is genuinely useful for presentations.
45,4,Being able to link observations to specific interview questions is great.
11,4,Screener templates saved me from writing survey questions from scratch.
15,4,Permissions are granular enough that clients can view but not edit.
18,4,The guest access feature is perfect for external stakeholders.
18,4,PDF reports look professional enough to share with executives.
12,4,PDF reports look professional enough to share with executives.
15,5,Template library covers most of my research formats out of the box. The voice memo feature captures context I'd otherwise lose.
41,4,Bulk-tagging across sessions is a huge time saver. Project folders keep multi-phase studies manageable.
26,5,Project folders keep multi-phase studies manageable.
47,5,Automatic session indexing makes it easy to find key moments.
21,5,Recording quality is excellent even on slow connections.
7,4,Searching by tag across projects actually works reliably.
43,5,The onboarding checklist is paced well — not overwhelming. Permissions are granular enough that clients can view but not edit.
20,5,Screener templates saved me from writing survey questions from scratch.
42,5,Works offline and syncs when I get back to WiFi — essential for fieldwork. Sharing clips with stakeholders takes about 30 seconds.
8,5,Permissions are granular enough that clients can view but not edit.
30,5,GPS tagging for field observations is exactly what I needed.
33,5,The help docs are actually written by people who do research.
5,4,The onboarding checklist is paced well — not overwhelming.
36,5,The highlight reel feature is genuinely useful for presentations.
4,5,My whole team can comment on the same session without chaos. Being able to rewatch sessions at 1.5x speed has saved me hours.
30,5,Works offline and syncs when I get back to WiFi — essential for fieldwork.
24,4,Video clips export cleanly with timecodes intact.
27,5,Real-time co-editing on affinity diagrams is surprisingly smooth.
15,5,One-click export to Notion is a feature I use every week.
8,4,The mobile app doesn't crash when I switch between apps mid-session.
40,4,The voice memo feature captures context I'd otherwise lose.
44,4,Real-time co-editing on affinity diagrams is surprisingly smooth.
19,4,Searching by tag across projects actually works reliably.
35,5,Session recordings sync instantly — no waiting around.
3,5,Session recordings sync instantly — no waiting around.
30,5,Project folders keep multi-phase studies manageable. The voice memo feature captures context I'd otherwise lose.
47,4,Being able to rewatch sessions at 1.5x speed has saved me hours.
15,5,The help docs are actually written by people who do research.
29,4,GPS tagging for field observations is exactly what I needed. The guest access feature is perfect for external stakeholders.
14,5,Sharing clips with stakeholders takes about 30 seconds. Works offline and syncs when I get back to WiFi — essential for fieldwork.
10,4,Template library covers most of my research formats out of the box. Video clips export cleanly with timecodes intact.
26,5,Session recordings sync instantly — no waiting around. The tagging workflow is intuitive once you get used to it.
0,5,Screener templates saved me from writing survey questions from scratch. The voice memo feature captures context I'd otherwise lose.
27,4,My whole team can comment on the same session without chaos.
36,5,Recording quality is excellent even on slow connections.
2,4,Project folders keep multi-phase studies manageable.
5,4,CSV export includes everything I need for further analysis.
33,5,The guest access feature is perfect for external stakeholders.
11,5,The guest access feature is perfect for external stakeholders.
32,5,One-click export to Notion is a feature I use every week. Custom fields on participants let me filter by screener criteria.
14,4,The timeline view across a research program is genuinely useful. Real-time co-editing on affinity diagrams is surprisingly smooth.
39,4,The help docs are actually written by people who do research.
20,5,Recording quality is excellent even on slow connections. Custom fields on participants let me filter by screener criteria.
1,4,The voice memo feature captures context I'd otherwise lose.
43,5,The mobile app doesn't crash when I switch between apps mid-session.
16,4,Real-time co-editing on affinity diagrams is surprisingly smooth.
21,5,Tag hierarchies let me keep themes organized across a whole study. CSV export includes everything I need for further analysis.
19,5,Real-time co-editing on affinity diagrams is surprisingly smooth. Being able to link observations to specific interview questions is great.
47,4,Tag hierarchies let me keep themes organized across a whole study.
7,5,Custom fields on participants let me filter by screener criteria. Real-time co-editing on affinity diagrams is surprisingly smooth.
1,5,The mobile app doesn't crash when I switch between apps mid-session.
26,5,Tag hierarchies let me keep themes organized across a whole study.
24,5,Bulk-tagging across sessions is a huge time saver.
34,4,One-click export to Notion is a feature I use every week.
6,5,Being able to link observations to specific interview questions is great.
32,5,Real-time co-editing on affinity diagrams is surprisingly smooth. Recording quality is excellent even on slow connections.
29,5,The mobile app doesn't crash when I switch between apps mid-session.
6,5,Bulk-tagging across sessions is a huge time saver.
1,4,Screener templates saved me from writing survey questions from scratch. My whole team can comment on the same session without chaos.
10,5,I can tag clips without leaving the playback view.
40,5,Tag hierarchies let me keep themes organized across a whole study.
25,4,Template library covers most of my research formats out of the box.
37,4,One-click export to Notion is a feature I use every week. The timeline view across a research program is genuinely useful.
24,4,Bulk-tagging across sessions is a huge time saver. The highlight reel feature is genuinely useful for presentations.
44,5,The highlight reel feature is genuinely useful for presentations.
3,4,PDF reports look professional enough to share with executives. Real-time co-editing on affinity diagrams is surprisingly smooth.
41,4,Tag hierarchies let me keep themes organized across a whole study.
36,4,Smart folders auto-populate based on tags — surprisingly powerful.
29,4,Sharing clips with stakeholders takes about 30 seconds.
2,4,Session recordings sync instantly — no waiting around. Template library covers most of my research formats out of the box.
15,4,CSV export includes everything I need for further analysis.
15,4,My whole team can comment on the same session without chaos.
39,5,Being able to link observations to specific interview questions is great.
17,5,Project folders keep multi-phase studies manageable.
6,4,Template library covers most of my research formats out of the box. The guest access feature is perfect for external stakeholders.
15,5,Sharing clips with stakeholders takes about 30 seconds.
40,5,Smart folders auto-populate based on tags — surprisingly powerful.
44,4,The session recording is crisp and easy to scrub through.
46,4,PDF reports look professional enough to share with executives.
17,5,Being able to link observations to specific interview questions is great. The highlight reel feature is genuinely useful for presentations.
21,4,The mobile app doesn't crash when I switch between apps mid-session.
37,4,The session recording is crisp and easy to scrub through. Works offline and syncs when I get back to WiFi — essential for fieldwork.
13,5,Tag hierarchies let me keep themes organized across a whole study.
19,5,My whole team can comment on the same session without chaos.
24,4,Screener templates saved me from writing survey questions from scratch. Being able to rewatch sessions at 1.5x speed has saved me hours.
23,5,Session recordings sync instantly — no waiting around.
43,4,Being able to link observations to specific interview questions is great.
13,5,Project folders keep multi-phase studies manageable. The session recording is crisp and easy to scrub through.
27,5,One-click export to Notion is a feature I use every week. Being able to link observations to specific interview questions is great.
32,5,The voice memo feature captures context I'd otherwise lose. Recording quality is excellent even on slow connections.
43,4,One-click export to Notion is a feature I use every week.
29,5,The onboarding checklist is paced well — not overwhelming. Automatic session indexing makes it easy to find key moments.
10,4,The onboarding checklist is paced well — not overwhelming. Custom fields on participants let me filter by screener criteria.
1,4,The timeline view across a research program is genuinely useful. Bulk-tagging across sessions is a huge time saver.
40,4,Recording quality is excellent even on slow connections.
23,4,Automatic session indexing makes it easy to find key moments.
0,5,I was running my first study within 20 minutes of signing up. Works offline and syncs when I get back to WiFi — essential for fieldwork.
35,4,I can tag clips without leaving the playback view.
11,5,Session recordings sync instantly — no waiting around.
19,5,CSV export includes everything I need for further analysis.
29,4,Sharing clips with stakeholders takes about 30 seconds. One-click export to Notion is a feature I use every week.
15,5,Custom fields on participants let me filter by screener criteria.
31,5,Template library covers most of my research formats out of the box. The mobile app doesn't crash when I switch between apps mid-session.
26,5,The session recording is crisp and easy to scrub through.
8,4,I was running my first study within 20 minutes of signing up.
12,5,PDF reports look professional enough to share with executives. Sharing clips with stakeholders takes about 30 seconds.
10,5,Tag hierarchies let me keep themes organized across a whole study. CSV export includes everything I need for further analysis.
45,5,The help docs are actually written by people who do research. Sharing clips with stakeholders takes about 30 seconds.
28,4,Recording quality is excellent even on slow connections. My whole team can comment on the same session without chaos.
41,5,I can tag clips without leaving the playback view. GPS tagging for field observations is exactly what I needed.
36,5,Recording quality is excellent even on slow connections. Works offline and syncs when I get back to WiFi — essential for fieldwork.
17,4,Video clips export cleanly with timecodes intact. I can tag clips without leaving the playback view.
34,4,Tag hierarchies let me keep themes organized across a whole study. The onboarding checklist is paced well — not overwhelming.
22,5,Real-time co-editing on affinity diagrams is surprisingly smooth.
17,4,Sharing clips with stakeholders takes about 30 seconds. The onboarding checklist is paced well — not overwhelming.
6,4,Being able to link observations to specific interview questions is great.
37,4,Custom fields on participants let me filter by screener criteria. GPS tagging for field observations is exactly what I needed.
31,5,The mobile app doesn't crash when I switch between apps mid-session.
30,4,The session recording is crisp and easy to scrub through. My whole team can comment on the same session without chaos.
19,5,Real-time co-editing on affinity diagrams is surprisingly smooth.
45,5,Video clips export cleanly with timecodes intact.
19,5,Searching by tag across projects actually works reliably.
31,5,The mobile app doesn't crash when I switch between apps mid-session.
13,5,Template library covers most of my research formats out of the box.
24,4,Project folders keep multi-phase studies manageable.
34,5,Video clips export cleanly with timecodes intact.
1,5,The mobile app doesn't crash when I switch between apps mid-session. The session recording is crisp and easy to scrub through.
10,5,I was running my first study within 20 minutes of signing up.
6,5,The help docs are actually written by people who do research. Permissions are granular enough that clients can view but not edit.
18,4,The highlight reel feature is genuinely useful for presentations. Automatic session indexing makes it easy to find key moments.
30,4,The session recording is crisp and easy to scrub through. The timeline view across a research program is genuinely useful.
5,5,Video clips export cleanly with timecodes intact.
3,4,Sharing clips with stakeholders takes about 30 seconds.
36,5,One-click export to Notion is a feature I use every week.
36,4,CSV export includes everything I need for further analysis.
7,5,The voice memo feature captures context I'd otherwise lose.
6,4,Works offline and syncs when I get back to WiFi — essential for fieldwork.
30,5,PDF reports look professional enough to share with executives. The voice memo feature captures context I'd otherwise lose.
2,4,The voice memo feature captures context I'd otherwise lose.
1,5,Automatic session indexing makes it easy to find key moments.
14,4,Smart folders auto-populate based on tags — surprisingly powerful.
41,5,Permissions are granular enough that clients can view but not edit.
33,4,The tagging workflow is intuitive once you get used to it. Screener templates saved me from writing survey questions from scratch.
40,5,The onboarding checklist is paced well — not overwhelming. One-click export to Notion is a feature I use every week.
1,5,Permissions are granular enough that clients can view but not edit. CSV export includes everything I need for further analysis.
14,5,Custom fields on participants let me filter by screener criteria.
0,5,Works offline and syncs when I get back to WiFi — essential for fieldwork.
17,5,Works offline and syncs when I get back to WiFi — essential for fieldwork. Template library covers most of my research formats out of the box.
25,5,PDF reports look professional enough to share with executives. The guest access feature is perfect for external stakeholders.
38,4,Template library covers most of my research formats out of the box.
16,4,Permissions are granular enough that clients can view but not edit.
31,4,Sharing clips with stakeholders takes about 30 seconds.
45,5,Video clips export cleanly with timecodes intact.
30,4,The onboarding checklist is paced well — not overwhelming.
11,4,Custom fields on participants let me filter by screener criteria.
30,4,GPS tagging for field observations is exactly what I needed.
32,5,Works offline and syncs when I get back to WiFi — essential for fieldwork.
8,4,CSV export includes everything I need for further analysis.
31,4,Battery drain is reasonable even during long observation sessions. Custom fields on participants let me filter by screener criteria.
10,4,The session recording is crisp and easy to scrub through.
27,4,Project folders keep multi-phase studies manageable. Video clips export cleanly with timecodes intact.
19,5,Permissions are granular enough that clients can view but not edit. The voice memo feature captures context I'd otherwise lose.
33,4,Real-time co-editing on affinity diagrams is surprisingly smooth.
25,4,PDF reports look professional enough to share with executives.
32,5,I can tag clips without leaving the playback view.
39,5,Project folders keep multi-phase studies manageable. Template library covers most of my research formats out of the box.
24,5,I was running my first study within 20 minutes of signing up. Automatic session indexing makes it easy to find key moments.
0,4,I can tag clips without leaving the playback view.
26,5,The guest access feature is perfect for external stakeholders.
38,4,Works offline and syncs when I get back to WiFi — essential for fieldwork. Automatic session indexing makes it easy to find key moments.
10,5,Bulk-tagging across sessions is a huge time saver.
5,5,Screener templates saved me from writing survey questions from scratch. The session recording is crisp and easy to scrub through.
46,5,The tagging workflow is intuitive once you get used to it.
2,5,PDF reports look professional enough to share with executives. The session recording is crisp and easy to scrub through.
2,5,Real-time co-editing on affinity diagrams is surprisingly smooth.
46,5,Bulk-tagging across sessions is a huge time saver. The voice memo feature captures context I'd otherwise lose.
7,5,Video clips export cleanly with timecodes intact.
43,5,Custom fields on participants let me filter by screener criteria. Battery drain is reasonable even during long observation sessions.
31,4,The guest access feature is perfect for external stakeholders. Custom fields on participants let me filter by screener criteria.
